{
  "dataset": "fiqa",
  "n_docs": 57638,
  "n_queries": 166,
  "variants": {
    "dense": {
      "NDCG@1": 0.36747,
      "NDCG@3": 0.36339,
      "NDCG@5": 0.37796,
      "NDCG@10": 0.40633,
      "NDCG@100": 0.47,
      "MAP@1": 0.18892,
      "MAP@3": 0.27958,
      "MAP@5": 0.30369,
      "MAP@10": 0.32197,
      "MAP@100": 0.34005,
      "Recall@1": 0.18892,
      "Recall@3": 0.34065,
      "Recall@5": 0.4012,
      "Recall@10": 0.48932,
      "Recall@100": 0.724,
      "P@1": 0.36747,
      "P@3": 0.24096,
      "P@5": 0.18193,
      "P@10": 0.11446,
      "P@100": 0.01886,
      "latency_sec_total": 6.35
    },
    "sparse": {
      "NDCG@1": 0.16867,
      "NDCG@3": 0.15487,
      "NDCG@5": 0.16623,
      "NDCG@10": 0.18233,
      "NDCG@100": 0.21919,
      "MAP@1": 0.08936,
      "MAP@3": 0.11882,
      "MAP@5": 0.12851,
      "MAP@10": 0.13641,
      "MAP@100": 0.14417,
      "Recall@1": 0.08936,
      "Recall@3": 0.14861,
      "Recall@5": 0.18028,
      "Recall@10": 0.22392,
      "Recall@100": 0.36391,
      "P@1": 0.16867,
      "P@3": 0.09839,
      "P@5": 0.07349,
      "P@10": 0.04819,
      "P@100": 0.00898,
      "latency_sec_total": 46.71
    },
    "hybrid": {
      "NDCG@1": 0.31325,
      "NDCG@3": 0.27827,
      "NDCG@5": 0.2845,
      "NDCG@10": 0.32006,
      "NDCG@100": 0.40149,
      "MAP@1": 0.16531,
      "MAP@3": 0.21102,
      "MAP@5": 0.22092,
      "MAP@10": 0.24263,
      "MAP@100": 0.26492,
      "Recall@1": 0.16531,
      "Recall@3": 0.25023,
      "Recall@5": 0.28568,
      "Recall@10": 0.38971,
      "Recall@100": 0.68595,
      "P@1": 0.31325,
      "P@3": 0.18072,
      "P@5": 0.12892,
      "P@10": 0.08916,
      "P@100": 0.01741,
      "latency_sec_total": 65.14
    },
    "hybrid+rerank": {
      "NDCG@1": 0.3494,
      "NDCG@3": 0.33866,
      "NDCG@5": 0.3768,
      "NDCG@10": 0.39865,
      "NDCG@100": 0.45337,
      "MAP@1": 0.18605,
      "MAP@3": 0.25976,
      "MAP@5": 0.29571,
      "MAP@10": 0.31323,
      "MAP@100": 0.3289,
      "Recall@1": 0.18605,
      "Recall@3": 0.32047,
      "Recall@5": 0.42005,
      "Recall@10": 0.48854,
      "Recall@100": 0.68595,
      "P@1": 0.3494,
      "P@3": 0.22289,
      "P@5": 0.18554,
      "P@10": 0.11325,
      "P@100": 0.01741,
      "latency_sec_total": 147.88
    }
  }
}