{
  "dataset": "nfcorpus",
  "n_docs": 3633,
  "n_queries": 166,
  "variants": {
    "dense": {
      "NDCG@1": 0.36446,
      "NDCG@3": 0.32512,
      "NDCG@5": 0.30383,
      "NDCG@10": 0.28512,
      "NDCG@100": 0.26941,
      "MAP@1": 0.04457,
      "MAP@3": 0.07093,
      "MAP@5": 0.084,
      "MAP@10": 0.09912,
      "MAP@100": 0.12808,
      "Recall@1": 0.04457,
      "Recall@3": 0.08151,
      "Recall@5": 0.10895,
      "Recall@10": 0.14032,
      "Recall@100": 0.29273,
      "P@1": 0.37952,
      "P@3": 0.30321,
      "P@5": 0.26024,
      "P@10": 0.21325,
      "P@100": 0.07566,
      "latency_sec_total": 1.98
    },
    "sparse": {
      "NDCG@1": 0.35241,
      "NDCG@3": 0.31288,
      "NDCG@5": 0.28659,
      "NDCG@10": 0.25162,
      "NDCG@100": 0.21033,
      "MAP@1": 0.04164,
      "MAP@3": 0.07463,
      "MAP@5": 0.08425,
      "MAP@10": 0.09327,
      "MAP@100": 0.10708,
      "Recall@1": 0.04164,
      "Recall@3": 0.08232,
      "Recall@5": 0.09951,
      "Recall@10": 0.1192,
      "Recall@100": 0.19549,
      "P@1": 0.36747,
      "P@3": 0.29719,
      "P@5": 0.24578,
      "P@10": 0.17831,
      "P@100": 0.05,
      "latency_sec_total": 0.94
    },
    "hybrid": {
      "NDCG@1": 0.40663,
      "NDCG@3": 0.33841,
      "NDCG@5": 0.31158,
      "NDCG@10": 0.28682,
      "NDCG@100": 0.27104,
      "MAP@1": 0.04869,
      "MAP@3": 0.08116,
      "MAP@5": 0.08974,
      "MAP@10": 0.10349,
      "MAP@100": 0.13179,
      "Recall@1": 0.04869,
      "Recall@3": 0.08805,
      "Recall@5": 0.10199,
      "Recall@10": 0.12969,
      "Recall@100": 0.28595,
      "P@1": 0.42771,
      "P@3": 0.30924,
      "P@5": 0.25904,
      "P@10": 0.20843,
      "P@100": 0.07253,
      "latency_sec_total": 3.31
    },
    "hybrid+rerank": {
      "NDCG@1": 0.46687,
      "NDCG@3": 0.40886,
      "NDCG@5": 0.37225,
      "NDCG@10": 0.32894,
      "NDCG@100": 0.29348,
      "MAP@1": 0.06468,
      "MAP@3": 0.10733,
      "MAP@5": 0.11889,
      "MAP@10": 0.12941,
      "MAP@100": 0.15622,
      "Recall@1": 0.06468,
      "Recall@3": 0.11306,
      "Recall@5": 0.13071,
      "Recall@10": 0.14743,
      "Recall@100": 0.28595,
      "P@1": 0.4759,
      "P@3": 0.3755,
      "P@5": 0.30602,
      "P@10": 0.22349,
      "P@100": 0.07253,
      "latency_sec_total": 134.16
    }
  }
}