{
  "dataset": "scifact",
  "n_docs": 5183,
  "n_queries": 166,
  "variants": {
    "dense": {
      "NDCG@1": 0.56627,
      "NDCG@3": 0.63936,
      "NDCG@5": 0.67304,
      "NDCG@10": 0.68316,
      "NDCG@100": 0.71204,
      "MAP@1": 0.53886,
      "MAP@3": 0.61019,
      "MAP@5": 0.63403,
      "MAP@10": 0.63972,
      "MAP@100": 0.64656,
      "Recall@1": 0.53886,
      "Recall@3": 0.69317,
      "Recall@5": 0.7752,
      "Recall@10": 0.80181,
      "Recall@100": 0.93072,
      "P@1": 0.56627,
      "P@3": 0.25301,
      "P@5": 0.1747,
      "P@10": 0.09217,
      "P@100": 0.01078,
      "latency_sec_total": 7.29
    },
    "sparse": {
      "NDCG@1": 0.45783,
      "NDCG@3": 0.53115,
      "NDCG@5": 0.55745,
      "NDCG@10": 0.58662,
      "NDCG@100": 0.60695,
      "MAP@1": 0.44378,
      "MAP@3": 0.50895,
      "MAP@5": 0.52657,
      "MAP@10": 0.53977,
      "MAP@100": 0.5446,
      "Recall@1": 0.44378,
      "Recall@3": 0.5753,
      "Recall@5": 0.63504,
      "Recall@10": 0.71847,
      "Recall@100": 0.80703,
      "P@1": 0.45783,
      "P@3": 0.21084,
      "P@5": 0.14458,
      "P@10": 0.08313,
      "P@100": 0.00934,
      "latency_sec_total": 10.96
    },
    "hybrid": {
      "NDCG@1": 0.59036,
      "NDCG@3": 0.63515,
      "NDCG@5": 0.65679,
      "NDCG@10": 0.68581,
      "NDCG@100": 0.71395,
      "MAP@1": 0.56094,
      "MAP@3": 0.61575,
      "MAP@5": 0.63108,
      "MAP@10": 0.64466,
      "MAP@100": 0.65028,
      "Recall@1": 0.56094,
      "Recall@3": 0.66235,
      "Recall@5": 0.71496,
      "Recall@10": 0.801,
      "Recall@100": 0.93373,
      "P@1": 0.59036,
      "P@3": 0.24498,
      "P@5": 0.16265,
      "P@10": 0.09277,
      "P@100": 0.01078,
      "latency_sec_total": 21.06
    },
    "hybrid+rerank": {
      "NDCG@1": 0.60241,
      "NDCG@3": 0.66167,
      "NDCG@5": 0.68646,
      "NDCG@10": 0.69954,
      "NDCG@100": 0.73085,
      "MAP@1": 0.57229,
      "MAP@3": 0.63444,
      "MAP@5": 0.65341,
      "MAP@10": 0.66121,
      "MAP@100": 0.66849,
      "Recall@1": 0.57229,
      "Recall@3": 0.7007,
      "Recall@5": 0.75813,
      "Recall@10": 0.79378,
      "Recall@100": 0.93373,
      "P@1": 0.60241,
      "P@3": 0.25703,
      "P@5": 0.17229,
      "P@10": 0.09157,
      "P@100": 0.01078,
      "latency_sec_total": 154.84
    }
  }
}